Data;Da;A;Nome;Spesa A;Entrata Da;Tipo_operazione;Costo contratto;TP
2019-09-03;Svincolato;The Lumberjacks;SPORTIELLO; 0,10 € ; -    € ;DEF; 0,10 € ;2022-06-30
2019-09-03;Svincolato;Vanndoria;MIRANTE; 0,05 € ; -    € ;DEF; 0,05 € ;2021-06-30
2019-09-03;Svincolato;Doria Emiliana;SKORUPSKI; 0,50 € ; -    € ;DEF; 0,10 € ;2022-06-30
2019-09-03;Svincolato;Parter;SEPE; 0,45 € ; -    € ;DEF; 0,10 € ;2022-06-30
2019-09-03;Svincolato;Agghiaggiande;PERIN; 0,15 € ; -    € ;DEF; 0,05 € ;2021-06-30
2019-09-03;Svincolato;Parter;HANDANOVIC; 1,90 € ; -    € ;DEF; 0,05 € ;2021-06-30
2019-09-03;Svincolato;Agghiaggiande;BUFFON; 0,60 € ; -    € ;DEF; 0,02 € ;2020-06-30
2019-09-03;Svincolato;Aquile Estensi;BERISHA E; 0,30 € ; -    € ;DEF; 0,05 € ;2021-06-30
2019-09-03;Svincolato;Diavoli Felsinei;DONNARUMMA G; 1,60 € ; -    € ;DEF; 0,15 € ;2023-06-30
2019-09-03;Svincolato;Doria Emiliana;GABRIEL; 0,25 € ; -    € ;DEF; 0,02 € ;2020-06-30
2019-09-03;Svincolato;Diavoli Felsinei;REINA; 0,10 € ; -    € ;DEF; 0,05 € ;2021-06-30
2019-09-03;Svincolato;Agghiaggiande;SZCZESNY; 2,40 € ; -    € ;DEF; 0,10 € ;2022-06-30
2019-09-03;Svincolato;Doria Emiliana;CONSIGLI; 0,25 € ; -    € ;DEF; 0,15 € ;2023-06-30
2019-09-03;Svincolato;Parter;PADELLI; 0,10 € ; -    € ;DEF; 0,05 € ;2021-06-30
2019-09-03;Svincolato;Cimamori la Verace;KARNEZIS; 0,15 € ; -    € ;DEF; 0,05 € ;2021-06-30
2019-09-03;Svincolato;Cimamori la Verace;MERET; 1,75 € ; -    € ;DEF; 0,20 € ;2024-06-30
2019-09-03;Svincolato;The Lumberjacks;GOLLINI; 1,25 € ; -    € ;DEF; 0,20 € ;2024-06-30
2019-09-03;Svincolato;Diavoli Felsinei;AUDERO; 0,55 € ; -    € ;DEF; 0,05 € ;2021-06-30
2019-09-03;Svincolato;Zena Viola;RADU I; 0,20 € ; -    € ;DEF; 0,10 € ;2022-06-30
2019-09-03;Svincolato;Zena Viola;DRAGOWSKI; 0,50 € ; -    € ;DEF; 0,10 € ;2022-06-30
2019-09-03;Svincolato;Agghiaggiande;PINSOGLIO; 0,15 € ; -    € ;DEF; 0,02 € ;2020-06-30
2019-09-03;Svincolato;Aquile Estensi;STRAKOSHA; 1,10 € ; -    € ;DEF; 0,15 € ;2023-06-30
2019-09-03;Svincolato;Los Angeles Showtime;CRAGNO; 0,50 € ; -    € ;DEF; 0,10 € ;2022-06-30
2019-09-03;Svincolato;Los Angeles Showtime;SIRIGU; 1,35 € ; -    € ;DEF; 0,10 € ;2022-06-30
2019-09-03;Svincolato;Cimamori la Verace;OSPINA; 0,40 € ; -    € ;DEF; 0,05 € ;2021-06-30
2019-09-03;Svincolato;Aquile Estensi;PROTO; 0,10 € ; -    € ;DEF; 0,05 € ;2021-06-30
2019-09-03;Svincolato;The Lumberjacks;MUSSO; 0,45 € ; -    € ;DEF; 0,15 € ;2023-06-30
2019-09-03;Svincolato;Zena Viola;TERRACCIANO; 0,05 € ; -    € ;DEF; 0,02 € ;2020-06-30
2019-09-03;Svincolato;Los Angeles Showtime;OLSEN; 0,05 € ; -    € ;DEF; 0,05 € ;2021-06-30
2019-09-03;Svincolato;Vanndoria;PAU LOPEZ; 0,85 € ; -    € ;DEF; 0,10 € ;2022-06-30
2019-09-03;Svincolato;Vanndoria;JORONEN; 0,25 € ; -    € ;DEF; 0,05 € ;2021-06-30
2019-09-03;Svincolato;Diavoli Felsinei;CONTI; 0,55 € ; -    € ;DEF; 0,10 € ;2022-06-30
2019-09-03;Svincolato;Aquile Estensi;MASIELLO A; 0,25 € ; -    € ;DEF; 0,02 € ;2020-06-30
2019-09-03;Svincolato;Doria Emiliana;GAGLIOLO; 0,35 € ; -    € ;DEF; 0,02 € ;2020-06-30
2019-09-03;Svincolato;Los Angeles Showtime;CACCIATORE; 0,40 € ; -    € ;DEF; 0,02 € ;2020-06-30
2019-09-03;Svincolato;Cimamori la Verace;HYSAJ; 0,95 € ; -    € ;DEF; 0,10 € ;2022-06-30
2019-09-03;Svincolato;Cimamori la Verace;MARIO RUI; 0,70 € ; -    € ;DEF; 0,10 € ;2022-06-30
2019-09-03;Svincolato;Cimamori la Verace;TONELLI; 0,70 € ; -    € ;DEF; 0,05 € ;2021-06-30
2019-09-03;Svincolato;Diavoli Felsinei;IZZO; 1,10 € ; -    € ;DEF; 0,10 € ;2022-06-30
2019-09-03;Svincolato;Doria Emiliana;GHIGLIONE; 0,15 € ; -    € ;DEF; 0,10 € ;2022-06-30
2019-09-03;Svincolato;Zena Viola;BIRAGHI; 0,20 € ; -    € ;DEF; 0,10 € ;2022-06-30
2019-09-03;Svincolato;The Lumberjacks;D'AMBROSIO; 0,90 € ; -    € ;DEF; 0,10 € ;2022-06-30
2019-09-03;Svincolato;Los Angeles Showtime;MURILLO; 0,30 € ; -    € ;DEF; 0,02 € ;2020-06-30
2019-09-03;Svincolato;Agghiaggiande;BONUCCI; 1,65 € ; -    € ;DEF; 0,10 € ;2022-06-30
2019-09-03;Svincolato;Agghiaggiande;RUGANI; 1,05 € ; -    € ;DEF; 0,10 € ;2022-06-30
2019-09-03;Svincolato;Parter;ASAMOAH; 1,10 € ; -    € ;DEF; 0,05 € ;2021-06-30
2019-09-03;Svincolato;Cimamori la Verace;DE VRIJ; 1,90 € ; -    € ;DEF; 0,15 € ;2023-06-30
2019-09-03;Svincolato;Aquile Estensi;RADU; 0,55 € ; -    € ;DEF; 0,05 € ;2021-06-30
2019-09-03;Svincolato;Diavoli Felsinei;CALABRIA; 0,95 € ; -    € ;DEF; 0,10 € ;2022-06-30
2019-09-03;Svincolato;Agghiaggiande;DE SCIGLIO; 0,90 € ; -    € ;DEF; 0,05 € ;2021-06-30
2019-09-03;Svincolato;Diavoli Felsinei;ZAPATA C; 1,20 € ; -    € ;DEF; 0,05 € ;2021-06-30
2019-09-03;Svincolato;Cimamori la Verace;GHOULAM; 1,60 € ; -    € ;DEF; 0,10 € ;2022-06-30
2019-09-03;Svincolato;Cimamori la Verace;KOULIBALY; 1,90 € ; -    € ;DEF; 0,15 € ;2023-06-30
2019-09-03;Svincolato;Parter;MANOLAS; 1,35 € ; -    € ;DEF; 0,15 € ;2023-06-30
2019-09-03;Svincolato;Diavoli Felsinei;ROMAGNOLI A; 1,50 € ; -    € ;DEF; 0,10 € ;2022-06-30
2019-09-03;Svincolato;Vanndoria;FLORENZI; 0,60 € ; -    € ;DEF; 0,15 € ;2023-06-30
2019-09-03;Svincolato;Los Angeles Showtime;DE SILVESTRI; 1,05 € ; -    € ;DEF; 0,10 € ;2022-06-30
2019-09-03;Svincolato;Aquile Estensi;ACERBI; 1,10 € ; -    € ;DEF; 0,15 € ;2023-06-30
2019-09-03;Svincolato;Vanndoria;DELL'ORCO; 0,20 € ; -    € ;DEF; 0,05 € ;2021-06-30
2019-09-03;Svincolato;Parter;PELUSO; 0,25 € ; -    € ;DEF; 0,05 € ;2021-06-30
2019-09-03;Svincolato;Cimamori la Verace;MAKSIMOVIC; 0,70 € ; -    € ;DEF; 0,05 € ;2021-06-30
2019-09-03;Svincolato;Agghiaggiande;ZAPPACOSTA; 0,90 € ; -    € ;DEF; 0,02 € ;2020-06-30
2019-09-03;Svincolato;Agghiaggiande;FARAONI; 0,40 € ; -    € ;DEF; 0,02 € ;2020-06-30
2019-09-03;Svincolato;Zena Viola;CHIRICHES; 0,15 € ; -    € ;DEF; 0,02 € ;2020-06-30
2019-09-03;Svincolato;Agghiaggiande;ALEX SANDRO; 2,10 € ; -    € ;DEF; 0,10 € ;2022-06-30
2019-09-03;Svincolato;The Lumberjacks;TOLOI; 0,85 € ; -    € ;DEF; 0,15 € ;2023-06-30
2019-09-03;Svincolato;The Lumberjacks;FELIPE; 0,65 € ; -    € ;DEF; 0,10 € ;2022-06-30
2019-09-03;Svincolato;Doria Emiliana;PEZZELLA GIU; 0,10 € ; -    € ;DEF; 0,02 € ;2020-06-30
2019-09-03;Svincolato;Aquile Estensi;CIONEK; 0,25 € ; -    € ;DEF; 0,05 € ;2021-06-30
2019-09-03;Svincolato;The Lumberjacks;DJIMSITI; 0,75 € ; -    € ;DEF; 0,15 € ;2023-06-30
2019-09-03;Svincolato;Doria Emiliana;SAMIR; 0,15 € ; -    € ;DEF; 0,10 € ;2022-06-30
2019-09-03;Svincolato;Vanndoria;SABELLI; 0,20 € ; -    € ;DEF; 0,10 € ;2022-06-30
2019-09-03;Svincolato;Vanndoria;SKRINIAR; 1,35 € ; -    € ;DEF; 0,10 € ;2022-06-30
2019-09-03;Svincolato;Agghiaggiande;ADJAPONG; 0,20 € ; -    € ;DEF; 0,02 € ;2020-06-30
2019-09-03;Svincolato;Diavoli Felsinei;CALDARA; 0,45 € ; -    € ;DEF; 0,05 € ;2021-06-30
2019-09-03;Svincolato;Vanndoria;SPINAZZOLA; 0,45 € ; -    € ;DEF; 0,10 € ;2022-06-30
2019-09-03;Svincolato;The Lumberjacks;BRUNO ALVES; 0,25 € ; -    € ;DEF; 0,15 € ;2023-06-30
2019-09-03;Svincolato;Los Angeles Showtime;CEPPITELLI; 0,30 € ; -    € ;DEF; 0,02 € ;2020-06-30
2019-09-03;Svincolato;Zena Viola;PAJAC; 0,15 € ; -    € ;DEF; 0,02 € ;2020-06-30
2019-09-03;Svincolato;Doria Emiliana;FERRARI G; 0,25 € ; -    € ;DEF; 0,10 € ;2022-06-30
2019-09-03;Svincolato;Cimamori la Verace;MARTELLA; 0,35 € ; -    € ;DEF; 0,05 € ;2021-06-30
2019-09-03;Svincolato;Zena Viola;BARRECA; 0,15 € ; -    € ;DEF; 0,02 € ;2020-06-30
2019-09-03;Svincolato;Aquile Estensi;LUKAKU J; 0,25 € ; -    € ;DEF; 0,10 € ;2022-06-30
2019-09-03;Svincolato;Parter;LIROLA; 0,55 € ; -    € ;DEF; 0,20 € ;2024-06-30
2019-09-03;Svincolato;Vanndoria;FAZIO; 0,60 € ; -    € ;DEF; 0,10 € ;2022-06-30
2019-09-03;Svincolato;Aquile Estensi;BASTOS; 0,40 € ; -    € ;DEF; 0,10 € ;2022-06-30
2019-09-03;Svincolato;The Lumberjacks;BIRASCHI; 0,60 € ; -    € ;DEF; 0,10 € ;2022-06-30
2019-09-03;Svincolato;Doria Emiliana;BERESZYNSKI; 0,25 € ; -    € ;DEF; 0,05 € ;2021-06-30
2019-09-03;Svincolato;Parter;BASTONI; 0,40 € ; -    € ;DEF; 0,20 € ;2024-06-30
2019-09-03;Svincolato;The Lumberjacks;HATEBOER; 1,45 € ; -    € ;DEF; 0,15 € ;2023-06-30
2019-09-03;Svincolato;Doria Emiliana;DEPAOLI; 0,30 € ; -    € ;DEF; 0,05 € ;2021-06-30
2019-09-03;Svincolato;Parter;GOSENS; 0,95 € ; -    € ;DEF; 0,10 € ;2022-06-30
2019-09-03;Svincolato;Zena Viola;MILENKOVIC; 0,55 € ; -    € ;DEF; 0,10 € ;2022-06-30
2019-09-03;Svincolato;Doria Emiliana;MUSACCHIO; 0,10 € ; -    € ;DEF; 0,05 € ;2021-06-30
2019-09-03;Svincolato;Diavoli Felsinei;RODRIGUEZ R; 0,85 € ; -    € ;DEF; 0,10 € ;2022-06-30
2019-09-03;Svincolato;Los Angeles Showtime;LYANCO; 0,75 € ; -    € ;DEF; 0,05 € ;2021-06-30
2019-09-03;Svincolato;Cimamori la Verace;PALOMINO; 0,55 € ; -    € ;DEF; 0,15 € ;2023-06-30
2019-09-03;Svincolato;Los Angeles Showtime;BONIFAZI; 0,95 € ; -    € ;DEF; 0,20 € ;2024-06-30
2019-09-03;Svincolato;The Lumberjacks;CASTAGNE; 1,25 € ; -    € ;DEF; 0,15 € ;2023-06-30
2019-09-03;Svincolato;Parter;KOLAROV; 1,25 € ; -    € ;DEF; 0,05 € ;2021-06-30
2019-09-03;Svincolato;Cimamori la Verace;LUCIONI; 0,35 € ; -    € ;DEF; 0,02 € ;2020-06-30
2019-09-03;Svincolato;Doria Emiliana;VICARI; 0,30 € ; -    € ;DEF; 0,10 € ;2022-06-30
2019-09-03;Svincolato;Zena Viola;ROMAGNA; 0,20 € ; -    € ;DEF; 0,05 € ;2021-06-30
2019-09-03;Svincolato;Los Angeles Showtime;N'KOULOU; 1,45 € ; -    € ;DEF; 0,05 € ;2021-06-30
2019-09-03;Svincolato;Vanndoria;DALBERT; 0,40 € ; -    € ;DEF; 0,10 € ;2022-06-30
2019-09-03;Svincolato;Parter;MANCINI G; 1,35 € ; -    € ;DEF; 0,20 € ;2024-06-30
2019-09-03;Svincolato;Zena Viola;PEZZELLA GER; 0,45 € ; -    € ;DEF; 0,05 € ;2021-06-30
2019-09-03;Svincolato;Vanndoria;STRYGER LARSEN; 0,20 € ; -    € ;DEF; 0,10 € ;2022-06-30
2019-09-03;Svincolato;Doria Emiliana;ROGERIO; 0,20 € ; -    € ;DEF; 0,05 € ;2021-06-30
2019-09-03;Svincolato;Los Angeles Showtime;LUIZ FELIPE; 1,45 € ; -    € ;DEF; 0,10 € ;2022-06-30
2019-09-03;Svincolato;The Lumberjacks;MARLON; 0,35 € ; -    € ;DEF; 0,15 € ;2023-06-30
2019-09-03;Svincolato;Zena Viola;DARMIAN; 0,50 € ; -    € ;DEF; 0,05 € ;2021-06-30
2019-09-03;Svincolato;Aquile Estensi;GODIN; 0,85 € ; -    € ;DEF; 0,15 € ;2023-06-30
2019-09-03;Svincolato;The Lumberjacks;KJAER; 0,75 € ; -    € ;DEF; 0,15 € ;2023-06-30
2019-09-03;Svincolato;Los Angeles Showtime;PELLEGRINI LU; 0,30 € ; -    € ;DEF; 0,20 € ;2024-06-30
2019-09-03;Svincolato;Diavoli Felsinei;DIJKS; 0,45 € ; -    € ;DEF; 0,05 € ;2021-06-30
2019-09-03;Svincolato;Zena Viola;CRISCITO; 0,40 € ; -    € ;DEF; 0,05 € ;2021-06-30
2019-09-03;Svincolato;Vanndoria;MAGNANI; 0,20 € ; -    € ;DEF; 0,10 € ;2022-06-30
2019-09-03;Svincolato;Aquile Estensi;COLLEY; 0,25 € ; -    € ;DEF; 0,05 € ;2021-06-30
2019-09-03;Svincolato;Los Angeles Showtime;BREMER; 0,40 € ; -    € ;DEF; 0,05 € ;2021-06-30
2019-09-03;Svincolato;Parter;TER AVEST; 0,30 € ; -    € ;DEF; 0,10 € ;2022-06-30
2019-09-03;Svincolato;Cimamori la Verace;DI LORENZO; 1,60 € ; -    € ;DEF; 0,15 € ;2023-06-30
2019-09-03;Svincolato;Cimamori la Verace;MALCUIT; 1,10 € ; -    € ;DEF; 0,10 € ;2022-06-30
2019-09-03;Svincolato;Los Angeles Showtime;AINA; 0,75 € ; -    € ;DEF; 0,05 € ;2021-06-30
2019-09-03;Svincolato;Los Angeles Showtime;DJIDJI; 0,75 € ; -    € ;DEF; 0,10 € ;2022-06-30
2019-09-03;Svincolato;Vanndoria;TROOST-EKONG; 0,30 € ; -    € ;DEF; 0,10 € ;2022-06-30
2019-09-03;Svincolato;The Lumberjacks;KLAVAN; 0,05 € ; -    € ;DEF; 0,05 € ;2021-06-30
2019-09-03;Svincolato;Agghiaggiande;DANILO; 1,95 € ; -    € ;DEF; 0,10 € ;2022-06-30
2019-09-03;Svincolato;Parter;SMALLING; 1,10 € ; -    € ;DEF; 0,02 € ;2020-06-30
2019-09-03;Svincolato;Diavoli Felsinei;HERNANDEZ T; 0,85 € ; -    € ;DEF; 0,10 € ;2022-06-30
2019-09-03;Svincolato;Zena Viola;ROMERO C; 0,25 € ; -    € ;DEF; 0,15 € ;2023-06-30
2019-09-03;Svincolato;Agghiaggiande;DEMIRAL; 1,20 € ; -    € ;DEF; 0,10 € ;2022-06-30
2019-09-03;Svincolato;Agghiaggiande;MATEJU; 0,30 € ; -    € ;DEF; 0,02 € ;2020-06-30
2019-09-03;Svincolato;Parter;VAVRO; 1,20 € ; -    € ;DEF; 0,10 € ;2022-06-30
2019-09-03;Svincolato;Cimamori la Verace;BENZAR; 0,40 € ; -    € ;DEF; 0,05 € ;2021-06-30
2019-09-03;Svincolato;Aquile Estensi;IGOR; 0,25 € ; -    € ;DEF; 0,05 € ;2021-06-30
2019-09-03;Svincolato;Agghiaggiande;RRAHMANI; 0,45 € ; -    € ;DEF; 0,02 € ;2020-06-30
2019-09-03;Svincolato;The Lumberjacks;RODRIGO BECAO; 0,40 € ; -    € ;DEF; 0,20 € ;2024-06-30
2019-09-03;Svincolato;Doria Emiliana;DENSWIL; 0,05 € ; -    € ;DEF; 0,05 € ;2021-06-30
2019-09-03;Svincolato;Diavoli Felsinei;TOMIYASU; 0,25 € ; -    € ;DEF; 0,05 € ;2021-06-30
2019-09-03;Svincolato;Zena Viola;TOLJAN; 0,20 € ; -    € ;DEF; 0,05 € ;2021-06-30
2019-09-03;Svincolato;Agghiaggiande;DE LIGT; 1,95 € ; -    € ;DEF; 0,10 € ;2022-06-30
2019-09-03;Svincolato;Parter;CHANCELLOR; 0,25 € ; -    € ;DEF; 0,05 € ;2021-06-30
2019-09-03;Svincolato;Parter;OKOLI; 0,25 € ; -    € ;DEF; 0,05 € ;2021-06-30
2019-09-03;Svincolato;Vanndoria;CISTANA; 0,20 € ; -    € ;DEF; 0,10 € ;2022-06-30
2019-09-03;Svincolato;Los Angeles Showtime;PINNA; 0,10 € ; -    € ;DEF; 0,05 € ;2021-06-30
2019-09-03;Svincolato;Diavoli Felsinei;DUARTE; 1,00 € ; -    € ;DEF; 0,05 € ;2021-06-30
2019-09-03;Svincolato;Zena Viola;MULDUR; 0,15 € ; -    € ;DEF; 0,10 € ;2022-06-30
2019-09-03;Svincolato;Doria Emiliana;ARANA; 0,20 € ; -    € ;DEF; 0,02 € ;2020-06-30
2019-09-03;Svincolato;Doria Emiliana;D'ALESSANDRO; 0,45 € ; -    € ;DEF; 0,02 € ;2020-06-30
2019-09-03;Svincolato;The Lumberjacks;DE ROON; 1,05 € ; -    € ;DEF; 0,15 € ;2023-06-30
2019-09-03;Svincolato;Diavoli Felsinei;GOMEZ A; 1,90 € ; -    € ;DEF; 0,05 € ;2021-06-30
2019-09-03;Svincolato;Zena Viola;GRASSI; 0,40 € ; -    € ;DEF; 0,02 € ;2020-06-30
2019-09-03;Svincolato;Aquile Estensi;KURTIC; 0,60 € ; -    € ;DEF; 0,10 € ;2022-06-30
2019-09-03;Svincolato;Parter;DIAWARA; 0,95 € ; -    € ;DEF; 0,15 € ;2023-06-30
2019-09-03;Svincolato;Vanndoria;MANCOSU; 0,75 € ; -    € ;DEF; 0,05 € ;2021-06-30
2019-09-03;Svincolato;Los Angeles Showtime;BIRSA; 0,35 € ; -    € ;DEF; 0,02 € ;2020-06-30
2019-09-03;Svincolato;Zena Viola;CASTRO; 0,35 € ; -    € ;DEF; 0,05 € ;2021-06-30
2019-09-03;Svincolato;Diavoli Felsinei;KRUNIC; 1,40 € ; -    € ;DEF; 0,05 € ;2021-06-30
2019-09-03;Svincolato;The Lumberjacks;SAPONARA; 0,80 € ; -    € ;DEF; 0,10 € ;2022-06-30
2019-09-03;Svincolato;Cimamori la Verace;ZIELINSKI; 2,30 € ; -    € ;DEF; 0,15 € ;2023-06-30
2019-09-03;Svincolato;Cimamori la Verace;BADELJ; 0,40 € ; -    € ;DEF; 0,05 € ;2021-06-30
2019-09-03;Svincolato;Cimamori la Verace;PETRICCIONE; 0,35 € ; -    € ;DEF; 0,05 € ;2021-06-30
2019-09-03;Svincolato;Parter;VECINO; 0,95 € ; -    € ;DEF; 0,10 € ;2022-06-30
2019-09-03;Svincolato;Agghiaggiande;BERNARDESCHI; 3,00 € ; -    € ;DEF; 0,10 € ;2022-06-30
2019-09-03;Svincolato;Doria Emiliana;KUCKA; 0,15 € ; -    € ;DEF; 0,05 € ;2021-06-30
2019-09-03;Svincolato;Los Angeles Showtime;LAXALT; 0,50 € ; -    € ;DEF; 0,02 € ;2020-06-30
2019-09-03;Svincolato;Doria Emiliana;LAZOVIC; 0,65 € ; -    € ;DEF; 0,02 € ;2020-06-30
2019-09-03;Svincolato;Vanndoria;PEROTTI; 0,90 € ; -    € ;DEF; 0,10 € ;2022-06-30
2019-09-03;Svincolato;Zena Viola;RINCON; 0,30 € ; -    € ;DEF; 0,05 € ;2021-06-30
2019-09-03;Svincolato;Los Angeles Showtime;BROZOVIC; 0,75 € ; -    € ;DEF; 0,15 € ;2023-06-30
2019-09-03;Svincolato;Diavoli Felsinei;MEDEL; 0,25 € ; -    € ;DEF; 0,02 € ;2020-06-30
2019-09-03;Svincolato;The Lumberjacks;KHEDIRA; 0,90 € ; -    € ;DEF; 0,15 € ;2023-06-30
2019-09-03;Svincolato;Diavoli Felsinei;BIGLIA; 0,95 € ; -    € ;DEF; 0,02 € ;2020-06-30
2019-09-03;Svincolato;Parter;CANDREVA; 1,05 € ; -    € ;DEF; 0,05 € ;2021-06-30
2019-09-03;Svincolato;Aquile Estensi;LULIC; 1,00 € ; -    € ;DEF; 0,10 € ;2022-06-30
2019-09-03;Svincolato;Aquile Estensi;PAROLO; 1,15 € ; -    € ;DEF; 0,05 € ;2021-06-30
2019-09-03;Svincolato;Diavoli Felsinei;BONAVENTURA; 1,95 € ; -    € ;DEF; 0,05 € ;2021-06-30
2019-09-03;Svincolato;Diavoli Felsinei;POLI; 0,55 € ; -    € ;DEF; 0,02 € ;2020-06-30
2019-09-03;Svincolato;Diavoli Felsinei;SUSO; 2,15 € ; -    € ;DEF; 0,10 € ;2022-06-30
2019-09-03;Svincolato;Los Angeles Showtime;VERDI; 1,65 € ; -    € ;DEF; 0,10 € ;2022-06-30
2019-09-03;Svincolato;Vanndoria;ALLAN; 1,00 € ; -    € ;DEF; 0,10 € ;2022-06-30
2019-09-03;Svincolato;Vanndoria;CALLEJON; 1,30 € ; -    € ;DEF; 0,10 € ;2022-06-30
2019-09-03;Svincolato;Cimamori la Verace;JAJALO; 0,30 € ; -    € ;DEF; 0,10 € ;2022-06-30
2019-09-03;Svincolato;Parter;NAINGGOLAN; 1,30 € ; -    € ;DEF; 0,05 € ;2021-06-30
2019-09-03;Svincolato;Agghiaggiande;PJANIC; 2,20 € ; -    € ;DEF; 0,10 € ;2022-06-30
2019-09-03;Svincolato;Los Angeles Showtime;DUNCAN; 1,55 € ; -    € ;DEF; 0,10 € ;2022-06-30
2019-09-03;Svincolato;Aquile Estensi;MISSIROLI; 0,25 € ; -    € ;DEF; 0,02 € ;2020-06-30
2019-09-03;Svincolato;Vanndoria;PELLEGRINI LO; 0,85 € ; -    € ;DEF; 0,15 € ;2023-06-30
2019-09-03;Svincolato;Diavoli Felsinei;BASELLI; 0,70 € ; -    € ;DEF; 0,05 € ;2021-06-30
2019-09-03;Svincolato;Doria Emiliana;BENASSI; 0,50 € ; -    € ;DEF; 0,05 € ;2021-06-30
2019-09-03;Svincolato;Vanndoria;ROMULO; 0,30 € ; -    € ;DEF; 0,05 € ;2021-06-30
2019-09-03;Svincolato;Zena Viola;IONITA; 0,25 € ; -    € ;DEF; 0,02 € ;2020-06-30
2019-09-03;Svincolato;Agghiaggiande;ZACCAGNI; 0,75 € ; -    € ;DEF; 0,02 € ;2020-06-30
2019-09-03;Svincolato;Aquile Estensi;FARES; 0,25 € ; -    € ;DEF; 0,10 € ;2022-06-30
2019-09-03;Svincolato;Zena Viola;PULGAR; 0,75 € ; -    € ;DEF; 0,10 € ;2022-06-30
2019-09-03;Svincolato;Aquile Estensi;MILINKOVIC-SAVIC; 1,80 € ; -    € ;DEF; 0,15 € ;2023-06-30
2019-09-03;Svincolato;Vanndoria;CUADRADO; 1,05 € ; -    € ;DEF; 0,05 € ;2021-06-30
2019-09-03;Svincolato;Aquile Estensi;ANSALDI; 0,50 € ; -    € ;DEF; 0,05 € ;2021-06-30
2019-09-03;Svincolato;Vanndoria;DZEMAILI; 0,30 € ; -    € ;DEF; 0,05 € ;2021-06-30
2019-09-03;Svincolato;Parter;CRISTANTE; 1,45 € ; -    € ;DEF; 0,15 € ;2023-06-30
2019-09-03;Svincolato;The Lumberjacks;FREULER; 1,25 € ; -    € ;DEF; 0,15 € ;2023-06-30
2019-09-03;Svincolato;The Lumberjacks;GAGLIARDINI; 0,40 € ; -    € ;DEF; 0,10 € ;2022-06-30
2019-09-03;Svincolato;Parter;LOCATELLI M; 0,40 € ; -    € ;DEF; 0,20 € ;2024-06-30
2019-09-03;Svincolato;Los Angeles Showtime;KESSIE'; 1,00 € ; -    € ;DEF; 0,15 € ;2023-06-30
2019-09-03;Svincolato;Aquile Estensi;DI FRANCESCO F; 0,45 € ; -    € ;DEF; 0,15 € ;2023-06-30
2019-09-03;Svincolato;Cimamori la Verace;BARELLA; 3,35 € ; -    € ;DEF; 0,20 € ;2024-06-30
2019-09-03;Svincolato;The Lumberjacks;MANDRAGORA; 0,40 € ; -    € ;DEF; 0,15 € ;2023-06-30
2019-09-03;Svincolato;Parter;SENSI; 1,45 € ; -    € ;DEF; 0,15 € ;2023-06-30
2019-09-03;Svincolato;The Lumberjacks;FOFANA; 0,60 € ; -    € ;DEF; 0,15 € ;2023-06-30
2019-09-03;Svincolato;Aquile Estensi;JANKTO; 0,25 € ; -    € ;DEF; 0,10 € ;2022-06-30
2019-09-03;Svincolato;The Lumberjacks;DE PAUL; 1,05 € ; -    € ;DEF; 0,20 € ;2024-06-30
2019-09-03;Svincolato;Zena Viola;CHIESA; 1,35 € ; -    € ;DEF; 0,15 € ;2023-06-30
2019-09-03;Svincolato;Zena Viola;MURGIA; 0,20 € ; -    € ;DEF; 0,02 € ;2020-06-30
2019-09-03;Svincolato;Doria Emiliana;LINETTY; 0,55 € ; -    € ;DEF; 0,05 € ;2021-06-30
2019-09-03;Svincolato;Los Angeles Showtime;LUKIC; 0,55 € ; -    € ;DEF; 0,05 € ;2021-06-30
2019-09-03;Svincolato;Vanndoria;MIGUEL VELOSO; 0,25 € ; -    € ;DEF; 0,05 € ;2021-06-30
2019-09-03;Svincolato;Doria Emiliana;ROG; 0,10 € ; -    € ;DEF; 0,10 € ;2022-06-30
2019-09-03;Svincolato;Vanndoria;PASALIC; 0,85 € ; -    € ;DEF; 0,10 € ;2022-06-30
2019-09-03;Svincolato;Parter;LUIS ALBERTO; 2,75 € ; -    € ;DEF; 0,10 € ;2022-06-30
2019-09-03;Svincolato;Agghiaggiande;BENTANCUR; 1,05 € ; -    € ;DEF; 0,05 € ;2021-06-30
2019-09-03;Svincolato;The Lumberjacks;BARAK; 0,50 € ; -    € ;DEF; 0,10 € ;2022-06-30
2019-09-03;Svincolato;Aquile Estensi;MARUSIC; 0,40 € ; -    € ;DEF; 0,02 € ;2020-06-30
2019-09-03;Svincolato;Diavoli Felsinei;CALHANOGLU; 1,40 € ; -    € ;DEF; 0,05 € ;2021-06-30
2019-09-03;Svincolato;Agghiaggiande;DOUGLAS COSTA; 2,25 € ; -    € ;DEF; 0,05 € ;2021-06-30
2019-09-03;Svincolato;Vanndoria;UNDER; 1,25 € ; -    € ;DEF; 0,10 € ;2022-06-30
2019-09-03;Svincolato;Los Angeles Showtime;BERENGUER; 0,85 € ; -    € ;DEF; 0,05 € ;2021-06-30
2019-09-03;Svincolato;Doria Emiliana;LUCAS LEIVA; 0,30 € ; -    € ;DEF; 0,05 € ;2021-06-30
2019-09-03;Svincolato;Vanndoria;VERETOUT; 0,90 € ; -    € ;DEF; 0,10 € ;2022-06-30
2019-09-03;Svincolato;Aquile Estensi;LAZZARI M; 1,30 € ; -    € ;DEF; 0,20 € ;2024-06-30
2019-09-03;Svincolato;Los Angeles Showtime;RAMIREZ; 0,45 € ; -    € ;DEF; 0,05 € ;2021-06-30
2019-09-03;Svincolato;Agghiaggiande;MATUIDI; 1,95 € ; -    € ;DEF; 0,02 € ;2020-06-30
2019-09-03;Svincolato;Vanndoria;LERIS; 0,25 € ; -    € ;DEF; 0,10 € ;2022-06-30
2019-09-03;Svincolato;Agghiaggiande;RABIOT; 2,10 € ; -    € ;DEF; 0,15 € ;2023-06-30
2019-09-03;Svincolato;Zena Viola;EKDAL; 0,55 € ; -    € ;DEF; 0,05 € ;2021-06-30
2019-09-03;Svincolato;Cimamori la Verace;WALACE; 0,45 € ; -    € ;DEF; 0,10 € ;2022-06-30
2019-09-03;Svincolato;The Lumberjacks;RIBERY; 2,60 € ; -    € ;DEF; 0,15 € ;2023-06-30
2019-09-03;Svincolato;Agghiaggiande;RAMSEY; 2,55 € ; -    € ;DEF; 0,10 € ;2022-06-30
2019-09-03;Svincolato;Agghiaggiande;CAN ; 2,25 € ; -    € ;DEF; 0,05 € ;2021-06-30
2019-09-03;Svincolato;Vanndoria;MKHITARYAN; 1,00 € ; -    € ;DEF; 0,10 € ;2022-06-30
2019-09-03;Svincolato;Vanndoria;SORIANO; 0,50 € ; -    € ;DEF; 0,10 € ;2022-06-30
2019-09-03;Svincolato;Diavoli Felsinei;CASTILLEJO; 1,10 € ; -    € ;DEF; 0,02 € ;2020-06-30
2019-09-03;Svincolato;Agghiaggiande;PESSINA; 0,40 € ; -    € ;DEF; 0,02 € ;2020-06-30
2019-09-03;Svincolato;Vanndoria;ZANIOLO; 1,05 € ; -    € ;DEF; 0,15 € ;2023-06-30
2019-09-03;Svincolato;Aquile Estensi;BERISHA V; 0,40 € ; -    € ;DEF; 0,10 € ;2022-06-30
2019-09-03;Svincolato;Cimamori la Verace;RUIZ; 2,30 € ; -    € ;DEF; 0,15 € ;2023-06-30
2019-09-03;Svincolato;Cimamori la Verace;YOUNES; 1,10 € ; -    € ;DEF; 0,10 € ;2022-06-30
2019-09-03;Svincolato;Agghiaggiande;KLUIVERT; 1,35 € ; -    € ;DEF; 0,10 € ;2022-06-30
2019-09-03;Svincolato;Los Angeles Showtime;MEITE'; 1,05 € ; -    € ;DEF; 0,10 € ;2022-06-30
2019-09-03;Svincolato;Diavoli Felsinei;BENNACER; 1,30 € ; -    € ;DEF; 0,10 € ;2022-06-30
2019-09-03;Svincolato;Parter;KULUSEVSKI; 0,30 € ; -    € ;DEF; 0,20 € ;2024-06-30
2019-09-03;Svincolato;Parter;VIEIRA; 0,75 € ; -    € ;DEF; 0,15 € ;2023-06-30
2019-09-03;Svincolato;Doria Emiliana;TRAORE' HJ; 0,30 € ; -    € ;DEF; 0,15 € ;2023-06-30
2019-09-03;Svincolato;Cimamori la Verace;GHEZZAL; 0,85 € ; -    € ;DEF; 0,05 € ;2021-06-30
2019-09-03;Svincolato;Diavoli Felsinei;PAQUETA'; 1,50 € ; -    € ;DEF; 0,10 € ;2022-06-30
2019-09-03;Svincolato;Aquile Estensi;LERAGER; 0,30 € ; -    € ;DEF; 0,05 € ;2021-06-30
2019-09-03;Svincolato;Cimamori la Verace;GAETANO; 0,15 € ; -    € ;DEF; 0,20 € ;2024-06-30
2019-09-03;Svincolato;Zena Viola;CASTROVILLI; 0,40 € ; -    € ;DEF; 0,10 € ;2022-06-30
2019-09-03;Svincolato;The Lumberjacks;LAZARO; 1,35 € ; -    € ;DEF; 0,15 € ;2023-06-30
2019-09-03;Svincolato;Doria Emiliana;MARONI; 0,35 € ; -    € ;DEF; 0,02 € ;2020-06-30
2019-09-03;Svincolato;Los Angeles Showtime;AGOUME; 0,35 € ; -    € ;DEF; 0,15 € ;2023-06-30
2019-09-03;Svincolato;Parter;HERNANI; 0,35 € ; -    € ;DEF; 0,05 € ;2021-06-30
2019-09-03;Svincolato;Aquile Estensi;JONY; 0,55 € ; -    € ;DEF; 0,05 € ;2021-06-30
2019-09-03;Svincolato;The Lumberjacks;MALINOVSKYI; 1,05 € ; -    € ;DEF; 0,15 € ;2023-06-30
2019-09-03;Svincolato;Doria Emiliana;BISOLI; 0,45 € ; -    € ;DEF; 0,05 € ;2021-06-30
2019-09-03;Svincolato;Doria Emiliana;NDOJ; 0,25 € ; -    € ;DEF; 0,02 € ;2020-06-30
2019-09-03;Svincolato;Parter;SPALEK; 0,30 € ; -    € ;DEF; 0,05 € ;2021-06-30
2019-09-03;Svincolato;Parter;TONALI; 1,00 € ; -    € ;DEF; 0,20 € ;2024-06-30
2019-09-03;Svincolato;Agghiaggiande;FAGIOLI; 0,15 € ; -    € ;DEF; 0,02 € ;2020-06-30
2019-09-03;Svincolato;Cimamori la Verace;ELMAS; 0,95 € ; -    € ;DEF; 0,15 € ;2023-06-30
2019-09-03;Svincolato;Aquile Estensi;OBIANG; 0,80 € ; -    € ;DEF; 0,10 € ;2022-06-30
2019-09-03;Svincolato;Zena Viola;SCHONE; 0,25 € ; -    € ;DEF; 0,05 € ;2021-06-30
2019-09-03;Svincolato;Diavoli Felsinei;ZMRHAL; 0,35 € ; -    € ;DEF; 0,02 € ;2020-06-30
2019-09-03;Svincolato;Los Angeles Showtime;NANDEZ; 0,55 € ; -    € ;DEF; 0,10 € ;2022-06-30
2019-09-03;Svincolato;The Lumberjacks;SEMA; 0,25 € ; -    € ;DEF; 0,10 € ;2022-06-30
2019-09-03;Svincolato;Vanndoria;INGLESE; 1,10 € ; -    € ;DEF; 0,10 € ;2022-06-30
2019-09-03;Svincolato;The Lumberjacks;ILICIC; 2,50 € ; -    € ;DEF; 0,15 € ;2023-06-30
2019-09-03;Svincolato;Vanndoria;BABACAR; 0,40 € ; -    € ;DEF; 0,10 € ;2022-06-30
2019-09-03;Svincolato;Diavoli Felsinei;REBIC; 2,15 € ; -    € ;DEF; 0,05 € ;2021-06-30
2019-09-03;Svincolato;Los Angeles Showtime;PAVOLETTI; 1,20 € ; -    € ;DEF; 0,10 € ;2022-06-30
2019-09-03;Svincolato;Agghiaggiande;DYBALA; 3,75 € ; -    € ;DEF; 0,02 € ;2020-06-30
2019-09-03;Svincolato;Cimamori la Verace;LLORENTE; 2,00 € ; -    € ;DEF; 0,02 € ;2020-06-30
2019-09-03;Svincolato;Los Angeles Showtime;ZAZA; 1,25 € ; -    € ;DEF; 0,05 € ;2021-06-30
2019-09-03;Svincolato;The Lumberjacks;PETAGNA; 1,80 € ; -    € ;DEF; 0,20 € ;2024-06-30
2019-09-03;Svincolato;Agghiaggiande;GABBIADINI; 0,60 € ; -    € ;DEF; 0,02 € ;2020-06-30
2019-09-03;Svincolato;Agghiaggiande;HIGUAIN; 4,15 € ; -    € ;DEF; 0,05 € ;2021-06-30
2019-09-03;Svincolato;Cimamori la Verace;INSIGNE; 3,80 € ; -    € ;DEF; 0,15 € ;2023-06-30
2019-09-03;Svincolato;Vanndoria;MERTENS; 1,70 € ; -    € ;DEF; 0,10 € ;2022-06-30
2019-09-03;Svincolato;Diavoli Felsinei;BELOTTI; 1,90 € ; -    € ;DEF; 0,10 € ;2022-06-30
2019-09-03;Svincolato;Cimamori la Verace;GERVINHO; 1,65 € ; -    € ;DEF; 0,05 € ;2021-06-30
2019-09-03;Svincolato;Los Angeles Showtime;IAGO FALQUE; 2,10 € ; -    € ;DEF; 0,10 € ;2022-06-30
2019-09-03;Svincolato;Aquile Estensi;CORREA; 1,65 € ; -    € ;DEF; 0,15 € ;2023-06-30
2019-09-03;Svincolato;Parter;BONAZZOLI; 0,05 € ; -    € ;DEF; 0,10 € ;2022-06-30
2019-09-03;Svincolato;Aquile Estensi;MURIEL; 1,00 € ; -    € ;DEF; 0,05 € ;2021-06-30
2019-09-03;Svincolato;Doria Emiliana;BERARDI; 0,55 € ; -    € ;DEF; 0,10 € ;2022-06-30
2019-09-03;Svincolato;Vanndoria;POLITANO; 0,60 € ; -    € ;DEF; 0,10 € ;2022-06-30
2019-09-03;Svincolato;Zena Viola;SANSONE N; 0,35 € ; -    € ;DEF; 0,10 € ;2022-06-30
2019-09-03;Svincolato;Doria Emiliana;QUAGLIARELLA; 1,65 € ; -    € ;DEF; 0,05 € ;2021-06-30
2019-09-03;Svincolato;The Lumberjacks;ZAPATA D; 3,55 € ; -    € ;DEF; 0,20 € ;2024-06-30
2019-09-03;Svincolato;Zena Viola;DEFREL; 0,20 € ; -    € ;DEF; 0,10 € ;2022-06-30
2019-09-03;Svincolato;Parter;DZEKO; 2,20 € ; -    € ;DEF; 0,05 € ;2021-06-30
2019-09-03;Svincolato;Parter;KALINIC; 0,85 € ; -    € ;DEF; 0,02 € ;2020-06-30
2019-09-03;Svincolato;Vanndoria;BALOTELLI; 0,25 € ; -    € ;DEF; 0,10 € ;2022-06-30
2019-09-03;Svincolato;Zena Viola;BOATENG; 0,80 € ; -    € ;DEF; 0,02 € ;2020-06-30
2019-09-03;Svincolato;Aquile Estensi;IMMOBILE; 2,70 € ; -    € ;DEF; 0,20 € ;2024-06-30
2019-09-03;Svincolato;Doria Emiliana;JOAO PEDRO; 0,80 € ; -    € ;DEF; 0,05 € ;2021-06-30
2019-09-03;Svincolato;The Lumberjacks;FARIAS; 0,50 € ; -    € ;DEF; 0,05 € ;2021-06-30
2019-09-03;Svincolato;Cimamori la Verace;LAPADULA; 0,90 € ; -    € ;DEF; 0,05 € ;2021-06-30
2019-09-03;Svincolato;Cimamori la Verace;NESTOROVSKI; 0,65 € ; -    € ;DEF; 0,05 € ;2021-06-30
2019-09-03;Svincolato;Agghiaggiande;CAPRARI; 0,80 € ; -    € ;DEF; 0,02 € ;2020-06-30
2019-09-03;Svincolato;Cimamori la Verace;MILIK; 3,80 € ; -    € ;DEF; 0,15 € ;2023-06-30
2019-09-03;Svincolato;Zena Viola;PINAMONTI; 0,50 € ; -    € ;DEF; 0,15 € ;2023-06-30
2019-09-03;Svincolato;Los Angeles Showtime;SIMEONE; 0,60 € ; -    € ;DEF; 0,15 € ;2023-06-30
2019-09-03;Svincolato;Diavoli Felsinei;ORSOLINI; 0,95 € ; -    € ;DEF; 0,10 € ;2022-06-30
2019-09-03;Svincolato;Aquile Estensi;CAICEDO; 0,95 € ; -    € ;DEF; 0,05 € ;2021-06-30
2019-09-03;Svincolato;Agghiaggiande;SALCEDO E; 0,05 € ; -    € ;DEF; 0,02 € ;2020-06-30
2019-09-03;Svincolato;The Lumberjacks;KARAMOH; 1,35 € ; -    € ;DEF; 0,15 € ;2023-06-30
2019-09-03;Svincolato;Zena Viola;STEPINSKI; 0,30 € ; -    € ;DEF; 0,05 € ;2021-06-30
2019-09-03;Svincolato;Aquile Estensi;SANCHEZ A; 1,45 € ; -    € ;DEF; 0,05 € ;2021-06-30
2019-09-03;Svincolato;Parter;LUKAKU R; 3,75 € ; -    € ;DEF; 0,10 € ;2022-06-30
2019-09-03;Svincolato;Agghiaggiande;CRISTIANO RONALDO; 6,70 € ; -    € ;DEF; 0,10 € ;2022-06-30
2019-09-03;Svincolato;Parter;BARROW; 1,75 € ; -    € ;DEF; 0,05 € ;2021-06-30
2019-09-03;Svincolato;Diavoli Felsinei;SANTANDER; 0,55 € ; -    € ;DEF; 0,02 € ;2020-06-30
2019-09-03;Svincolato;Los Angeles Showtime;PIATEK; 5,95 € ; -    € ;DEF; 0,20 € ;2024-06-30
2019-09-03;Svincolato;Doria Emiliana;KOUAME'; 1,10 € ; -    € ;DEF; 0,10 € ;2022-06-30
2019-09-03;Svincolato;Cimamori la Verace;MARTINEZ L; 3,65 € ; -    € ;DEF; 0,20 € ;2024-06-30
2019-09-03;Svincolato;Zena Viola;CAPUTO; 0,30 € ; -    € ;DEF; 0,05 € ;2021-06-30
2019-09-03;Svincolato;The Lumberjacks;PUSSETTO; 0,60 € ; -    € ;DEF; 0,20 € ;2024-06-30
2019-09-03;Svincolato;Diavoli Felsinei;BOGA; 0,20 € ; -    € ;DEF; 0,10 € ;2022-06-30
2019-09-03;Svincolato;Zena Viola;SOTTIL; 0,20 € ; -    € ;DEF; 0,02 € ;2020-06-30
2019-09-03;Svincolato;Doria Emiliana;VLAHOVIC; 0,40 € ; -    € ;DEF; 0,10 € ;2022-06-30
2019-09-03;Svincolato;Zena Viola;RIGONI E; 0,40 € ; -    € ;DEF; 0,05 € ;2021-06-30
2019-09-03;Svincolato;Parter;OKAKA; 0,45 € ; -    € ;DEF; 0,05 € ;2021-06-30
2019-09-03;Svincolato;Aquile Estensi;ADEKANYE; 0,60 € ; -    € ;DEF; 0,05 € ;2021-06-30
2019-09-03;Svincolato;Agghiaggiande;AYE'; 0,50 € ; -    € ;DEF; 0,05 € ;2021-06-30
2019-09-03;Svincolato;Diavoli Felsinei;SKOV OLSEN; 0,50 € ; -    € ;DEF; 0,02 € ;2020-06-30
2019-09-03;Svincolato;Diavoli Felsinei;DONNARUMMA AL; 0,85 € ; -    € ;DEF; 0,02 € ;2020-06-30
2019-09-03;Svincolato;Los Angeles Showtime;ESPOSITO SE; 0,30 € ; -    € ;DEF; 0,15 € ;2023-06-30
2019-09-03;Svincolato;Diavoli Felsinei;RAFAEL LEAO; 2,35 € ; -    € ;DEF; 0,05 € ;2021-06-30
2019-09-03;Svincolato;Cimamori la Verace;LOZANO; 3,10 € ; -    € ;DEF; 0,20 € ;2024-06-30
2019-09-03;Svincolato;Doria Emiliana;PEDRO; 1,00 € ; -    € ;DEF; 0,10 € ;2022-06-30
;;;;;;;;
